{"cameraMode":{"drawMode":0,"name":"Shaded","section":"Shading Mode"},"sceneLighting":true,"audioPlay":false,"sceneViewState":{"showFog":false,"showMaterialUpdate":false,"showSkybox":false,"showFlares":false,"showImageEffects":false,"showParticleSystems":true},"in2DMode":false,"pivot":{"x":-4.026591777801514,"y":-1.518645167350769,"z":3.6706690788269045},"rotation":{"x":-0.19386117160320283,"y":0.0456036776304245,"z":-0.009022006765007973,"w":-0.9799269437789917},"size":22.162424087524415,"orthographic":false}